Posted date,Star rating,Review text,Source,Fetched at (UTC)
"February 3, 2026",1,"Packages NEVER come on time. EVER. Honestly don't even know how the BBB hasn't taken them down for false advertising. Package needs a signature, tried calling and got hung up on TWICE. Tied too change to pick ups in store to no avail. EFF UPS SERIOUSLY I NEED THIS PACKAGE",Trustpilot – UPS (www.ups.com),2026-02-04T15:47:37.332534+00:00
"February 3, 2026",1,My experience with UPS has been HORRIBLE. Getting accurate information for the delivery date was near impossible after I paid to have the day switched. The fellow who delivered my package dropped it on the snow in front of my garage. He refused to bring it into the house saying it was too heavy. I then picked it up myself and instructed hit to pick up the other end. He left his end on the steps in front of my house. I was able to bring the package inside. The exterior of my package was filthy. The delivery guy was a pig and rude !!!!,Trustpilot – UPS (www.ups.com),2026-02-04T15:47:37.332534+00:00
"January 27, 2026",1,"My package has been delayed for over a week , the drivers are LAZY. They make all excuses for the drivers which is unacceptable.",Trustpilot – UPS (www.ups.com),2026-02-04T15:47:37.332534+00:00
"February 3, 2026",1,"Had to chase delivery information via email and then tracking. Was advised delivery address cannot be accessed due to ""security code"" missing. No such security exists, if driver did call to the house, he didn't leave a card. Tried to change delivery address online, as""guest login"". Doesn't work. Customer ""service"" is a chat bot, running round in circles. Terrible system, catastrophic service. Can't speak to an agent, no option.",Trustpilot – UPS (www.ups.com),2026-02-04T15:47:37.332534+00:00
"February 3, 2026",1,"No matter when i get a package delivered by ups, they always deliver it late or dont use my buildings buzzer. when ever i get the choice to choose delivery companys i will go out of my way to pay more, just to avoid ups",Trustpilot – UPS (www.ups.com),2026-02-04T15:47:37.332534+00:00
"January 21, 2026",1,Use anyone else but UPS. I have never had such a bad experience. My package has been lost twice delayed 5x and I still have no clue where its at. I even contacted them and 3 days later still no response. I will never shop from anywhere else that only has UPS as a shipping option.,Trustpilot – UPS (www.ups.com),2026-02-04T15:47:37.332534+00:00
"February 3, 2026",1,I would give negative stars if I could I’ll never use UPS again I ordered a package overseas 6 months ago never received the package but was still billed $105.30 and they make it so annoying to get the bill thrown out in the garbage where ups belongs that it was easier to just pay the bill i didn’t owe bunch of f-ing criminals at ups I’m disgusted .,Trustpilot – UPS (www.ups.com),2026-02-04T15:47:37.332534+00:00
"February 3, 2026",1,"Ordered 5 blinds for me new home that were shipped by UPS. Beware how your shipment may arrive. Absolutely bonkers courier service by UPS. 1 blind deposited at a UPS collection location at 1pm today. 4 other blinds part the same shipment left in the rain in my garden at 230pm. Got home 4hrs later to 4 saturated boxes with my new blinds inside. And I now have the customer first inconvenience of picking up the blind deposited at a local Londis or wait 48hrs for redelivery. Lovely thanks UPS you don't live up to all of your values ""Customer First, People Led, and Innovation Driven, aiming to deliver, connect, and empower.""",Trustpilot – UPS (www.ups.com),2026-02-04T15:47:37.332534+00:00
"February 3, 2026",1,"This delivery company is the absolute worst!!!!! They lied and still have my package for over a week!!!! They will not allow me to pic it up, they will not tell the truth about where my package actually is!!! The definitely stole my stuff!! I’m so over this. They need to be out of business ASAP",Trustpilot – UPS (www.ups.com),2026-02-04T15:47:37.332534+00:00
"February 3, 2026",1,"UPS customer service doesn’t give a shit about you. This is in reference to a prescription order shipped through UPS for my chemotherapy medicine. My order was received at the Chelmsford Massachusetts UPS hub on January 29. This order status did non-update throughout the following weekend and still has not updated. I called customer service and was told that the order is lost. No one did anything other than look at the status that I could see. I informed the customer service rep that this is a critical medication and I needed it ASAP. I was told that I needed to contact the shipper so they can submit a claim. No one was willing to ask any further questions reach out to other departments or make any phone calls. I felt like my issue did not matter to the customer service rep, especially when this is such a critical medication that I am now delayed on starting. The company that shipped it for me has already started working on a replacement hopefully UPS will have their shit together with this one and I’ll get it in a timely manner.",Trustpilot – UPS (www.ups.com),2026-02-04T15:47:37.332534+00:00
27-Jan-26,1,"I am NOT the least bit interested in their double talk excuses and reasons. JUST DO BETTER. My package from Los Angeles to Sacramento, should NEVER have been routed to NEW JERSEY where it is still sitting going on 5 days. Sender and recipient are only 400 miles apart in the same state, yet the package took a
2,761 insanely ridiculous miles detour. BTW, I still haven't received the parcel. It's been sitting on the East coast while I wait on the West coast. smh
And no, it was NOT shipped UPS Ground Saver.",Trustpilot – UPS (www.ups.com),
8-Feb-26,1,My package was meant to be here on the 5th still haven’t received it payed import charges when was not informed there would be any tracking showing it’s been at Stanford le hope GB for 3 days saying it’s at clearance and hasn’t moved now I don’t have a date for delivery,Trustpilot – UPS (www.ups.com),
7-Feb-26,1,"They can't read instructions!
This time, as with every time that I receive a delivery, its always dropped in front of our gate although I'm premium member and it clearly states in writing to leave at garage. Please read before dropping off!",Trustpilot – UPS (www.ups.com),
7-Feb-26,1,Still waiting at 10:25pm for a parcel originally expected to be delivered up to 12 hours ago. Why does any company choose to use UPS. Total waste of space and time.,Trustpilot – UPS (www.ups.com),
7-Feb-26,1,Needs to be ZERO star! My package has been delayed for over 5 days and they blame it on “weather conditions” when the last bad weather we’ve received was from 2 weeks ago. I called support to speak to a representative and they were NO HELP! I even said I could pick up my package from whichever warehouse it’s at and they couldn’t even help me with that. I’ve called the carrier and they couldn’t help because UPS IS NOT DOING THEIR JOBS RIGHT. Do not order anything from ups it is not reliable in the slightest.,Trustpilot – UPS (www.ups.com),
7-Feb-26,1,UPS used to be the best option the only one I would use but I’m done with them waiting every day for just to get the same message on the way only ordering things that come with fed ex shipping from now on,Trustpilot – UPS (www.ups.com),
7-Feb-26,1,  -10?! Anyone?! Take action against them NOW? They are scammers and don’t deliver on time or at all! Package 300 gone!!! No one answers and no one does a thing!!! Please take action against them!!!,Trustpilot – UPS (www.ups.com),
7-Feb-26,1,"Extremely bad, nothing works as intended
The package could not be sent at all",Trustpilot – UPS (www.ups.com),
4-Feb-26,1,"UPS lost their integrity
ZERO stars wasn't an option so I was forced to give them a glimmer of hope at 1 star. No sense in writing much as UPS no longer cares about the customers. Customer service is nothing more than puppets with non-functioning strings, with a built-in black box of recorded lies, excuses. Weather delays are still an excuse for UPS but yet Amazon and USPS continues to shine in all elements. Drivers marking packages as ""delivered"" but no delivery has occurred, yet here we are, waiting for days and days getting the runaround to no end, on our timely packages that may contain urgent medicine to survive, timely gifts, or electronics that sit outside on a trailer in frigid below temps. Well, there's 5 minutes of my time I'll never get back. DO BETTER!",Trustpilot – UPS (www.ups.com),
2-Feb-26,1,"They will deliver to the wrong address and accept no responsibility
I was notified by email 2 days after my package was supposedly delivered and it wasn’t. When I checked the tracking, it showed that it was delivered to an unknown address in a different city. When I tried to file a claim, they told me that the claim had to be filed by the sender. I tried contacting the sender, but heard nothing back. So now I’m stuck. UPS accepted no responsibility for their negligence even though they clearly showed it was delivered to a different address. I’m very disappointed. I knew they were a bad company before, but this is ridiculous.",Trustpilot – UPS (www.ups.com),
6-Feb-26,1,"They are absolute garbage
They are absolute garbage! They made me wait for a package for about a month and ke ppl t delaying it and delaying it, saying they are 10 stops away and after 6 houtlrs i calk and theu says that nkw its 9 stops away, they are the worst company to trust with packages, absolute garbage",Trustpilot – UPS (www.ups.com),
4-Feb-26,1,"Very very poor service, incompetent drivers, and Lacey one month to deliver one letter to a development. The driver do not find the place is excuse Bay.",Trustpilot – UPS (www.ups.com),
6-Feb-26,1,"The only delivery company that operates in the UK that thinks that a town of almost 10k people and less than an hour from Newcastle and Edinburgh is a “remote area “ , say they will deliver something on a set date right up until 4 pm then say they will deliver it sometime in the future not on any specific date maybe tomorrow maybe 3 days or maybe not at all.",Trustpilot – UPS (www.ups.com),
6-Feb-26,1,"In circles
I watch the driver on the app drive around in circles all day. Drives on same streets multiple times. Useless logistics. They should hire me. I would save them a ton of time and money. USPS is better by far",Trustpilot – UPS (www.ups.com),
6-Jul-25,1,"I wish I could post with a ZERO star!! They are a ""trash"" company!! I'm glad they are struggling to stay afloat!! I have ""lack-Listed them from ""EVER"" delivering to me from ""ANY STORES"" I shop at!! In 2025 (am not too sure of the ""exact date"") summer time, there was a driver delivering to my neighbor & then to me on our ""private drive."" I have a Fruit tree that the branches hang over my fence. My neighbor & I were talking when she stopped and delivered my package, my telling her, the only reason I will permit you to deliver to this door is that I am out here to take it to the entrance (back door) where ""any/all"" deliveries go to. She was so nasty in her spirit, and when she got onto the truck, she turned the wheels into my fruit tree branches & smashed into them leaving some leaf's in the wiper blade, and my chain-link fence was ""very close to being hit!!"" And then she turned and gave an EVIL grin!! This is why I will ""NEVER"" have UPS deliver to me again!!",Trustpilot – UPS (www.ups.com),
5-Feb-26,1,Said I was not home for delivery then took 18 hours to drop off my pack to the ups pick up point across the street from my house,Trustpilot – UPS (www.ups.com),
6-Feb-26,1,"The Unnecessary UPS Struggle
I will not speak to specific employees because each interaction that I have had with a human face-to-face has been pleasant...

I ordered some stuff online back in December. It was supposed to be delivered by the first week in January. I requested that it be held at one of the UPS ""Access Points"" since 1) it needed a signature and 2) I do not work at home. After paying the $5.99 fee to change the delivery location, the app said for MULTIPLE days that it would be delivered to that Access Point and on each day, the app updated to say that the store was closed. Each time, I would call the store and verify that they were and had been opened. The package ended up ""damaged"" and was sent back to the sender.

The package was resent and expedited since the sender knew that I had BEEN expecting it. I received a delivery window of 1:30 - 3:30 PM. There were no updates whatsoever...at 1:06 PM I get a notification from my doorbell/camera and see the UPS delivery person standing at my door ringing the doorbell. Moments later, another notification stating that they are unable to deliver the package...

UPS's system is extremely ineffective, dishonest, flawed, and manipulative. When I spoke to an agent about paying money to have the package rerouted, she would not agree to refund the money paid for services that were not followed through on. If I could avoid UPS, I would. Their customer service is all over the place and everyone seems to have either no idea or a different idea of what is going on with their company. They can't seem to deliver packages within the appropriate delivery window so that their customers don't have to go through the hassle of stressing about their items...just a horribly ran company through and through.

Note: the ""date of experience"" states today, however, this has been an ongoing battle since the first week of January....",Trustpilot – UPS (www.ups.com),
5-Feb-26,1,"UPS has been the worst courier experience I’ve had. I booked a pickup for a 7-package shipment in the Chicago area on January 5, 2026. Over the last five weeks, I have scheduled a pickup five times, and no driver has picked up the packages.

Each time, UPS updates the system saying the driver was “unable to pick up,” even though no one came. The pickup location is on a main road and easily accessible, not a remote area. It honestly feels like the pickup is being avoided because there are seven boxes.

I called customer service around 10 times. Every time I was told the issue was “escalated,” but nothing changed. If UPS cannot handle multi-box pickups, they should not allow customers to schedule them online.

Extremely unprofessional and no accountability.",Trustpilot – UPS (www.ups.com),
9-Dec-25,2,"Terrible service. Didn't deliver my package, claiming my house was a closed business. I was home all day. They must have delivered it to the wrong address. Completely unreliable.",Trustpilot – UPS (www.ups.com),
